Group,Level,Sub-Level,Description
011,,,?????????????????????????
,0111(1),,?????????????????????? (???????????) ???????????????? ???????????????????
,,01111,?????????????????
,,01112,?????????????????????????(?)
,,01113,????????????????????????????(?)
,,01114,?????????????????????????(?)
,,01119,???????????????????????????? ?????????????????????????
,0112(4),,????????????????????
,,01120,????????????????????
,0113(5),,???????????????????????????????????????????? ??????????????? 
,,01131,??????????????????????????????? ????????? ??(?)?
,,01132,??????????????????????????????? (?)
,,01133,???????????????????????????????????????? (?)
,,01134,?????????????????????
,,01135,?????????????????????????????
,,01136,??????????????????????????????????????
,,01137,?????????????????????? ????(?)
,0114,,?????????????????????
,,01140,?????????????????????
,0115,,??????????????????????
,,01150,??????????????????????
,0116(1),,?????????????????? 
,,01160,????????????????????? ????????????????????
,0119??(2),,??????????????????????????????
,,01191,?????????????????? ???????????????????????????????????? ??????????? ????????????????
,,01192,??????????????????
,,01199,???????????????????????????????? ?????????????????????
012,,,?????????????????????????
,0121,,??????????????????????????
,,01210,?????????????????????????? (?)
,0122,,???????????????????????????????? ??????????????????
,,01221,?????????????????
,,01222,???????????????????
,,01223,????????????????????
,,01224,?????????????????????
,,01225,??????????????????
,,01226,???????????????????
,,01227,????????????????????
,,01228,??????????????????????
,,01229,??????????????????????????? ???????????????????????? ??????????????????? (?)
,0123,,???????????????????
,,01231,???????????????????
,,01232,???????????????????
,,?1233,??????????????????? ?????????????????
,,01239,????????????????????????? ????????????????????
,0124,,????????????????????? ????????????
,,01241,???????????????
,,01249,????????????????????? ?????????????????? ???????????????????
,0125(2),,?????????????????????????????? ????????????????????????????????
,,01251,????????????????????????(?) 
,,01252,?????????????????????????
,,01253,???????????????????? ??????????????????????????????????????
,,01259,????????????????????????? ??????????????????????????????????????????????(?)
,0126(5),,????????????????????????????????? 
,,01261,?????????????????????? (???????? ????????????)
,,01262,????????????????? (???????? ????????????)
,0127,,???????????????????????????????:
,,01271,????????????????????
,,01272,????????????????
,,01273,???????????????????
,,01279,???????????????????????????????:?????? ???????????????????
,0128,,?????????????????????????? ???????????????? ??????????????????????????
,,01281,??????????????????????
,,01282,???????????????????????????
,,01283,???????????????????????????????????
,,01284,???????????????????
,,01285,???????????????????????????????????????????????? ????????????????????????? ????????????????? ?????????????????????????(?)
,,01289,????????????????????????????? ??????????????????????????????????? ??????????????????????? (?)
,0129,,???????????????????????????????
,,01291,?????????????????? (????????)
,,01292,?????????????????? (?????????)
,,01293,?????????????????????????????????????(?)
,,01294,?????????????????????????
,,01295,??????????????????????
,,01296,?????????????????????????
,,01299,?????????????????????????????????? ????????????????????(?)
013,,,??????????????????
,0130(5),,??????????????????
,,01301,???????????????????????????(?)
,,01302,???????????????????????????????????????????(?)
014,,,?????????????
,0141?(1),,???????????? ????????
,,01411,?????????? ??????????????? ??????????????????????????????
,,01412,???????????????????????????????
,,01413,????????????????????????????
,0142(2),,????????????? ????????????????????????????????
,,01420,?????????? ??????????????????????? ?? ?????? ?????????
,0144(3),,????????????? ??????
,,01441,?????????? ??????????????? ?????????????????? ??????
,,01442,????????????????????????????????? ??????
,0145,,???????????????
,,01450,?????????? ????????????? ????????????????
,0146(4),,??????????????????
,,01461,?????????? ?????????????? ???????????????????? ??????????????????????
,,01462,?????????? ?????????????? ???????????????
,,01463,?????????? ?????????????? ??????????????????
,,01464,?????????? ???????????????????????????? ???????????????????????
,,01465,?????????????????
,,01466,??????????????
,,01469,?????????????????????????? ??????????????????????
,0149(1),,??????????????????????????
,,01491,???????????????????????????????? ?????? ???????
,,01492,??????????????????? ???????????????????????????
,,01493,????????????????? ????????????????????????????????????
,,01499,??????????????????????? ??????????????????????? ???????????????????????????(?)
016,,,?????????????? ?????????????????????????????????????
,0161(3),,??????????????????????????????
,,01610,????????????????????????????????????????????????? ????????????????(?)
,0162(1),,???????????????????????????????
,,01620,?????????????????????????????????? ????????????????????????????????? ???????????????? (?)
,0163(3),,??????????????????????????
,,01630,?????????????????????????????????? ?????????????????????????(?)
,0164(5),,???????????????????????????????
,,01640,????????????????????????????????????
017,,,?????????? ?????????????? ????????????????????????????
,0170??(1),,?????????? ?????????????? ????????????????????????????
,,01700,?????????? ?????????????? ??????????????????????????????
021,,,?????????? ???????????????????????????
,0210?(1),,?????????? ???????????????????????????
,,02100,?????????????????????????????????????????(?)
022,,,??????????
,0220(3),,??????????
,,02200,??????????
023,,,????????????????????
,0230(4),,????????????????????
,,02300,????????????????????(?)
24,,,???????????????????????????????????
,0240(6),,???????????????????????????????????
,,02400,???????????????????????????????????(?)
031,,,????????
,0311(1),,??????????????????
,,03111,??????????????????????(?)
,,03112,??????????????
,,03113,???????????????????????
,,03114,????????????????? 
,,03115,???????????????????????????????????? ????????????
,,03119,??????????????????????????? ?????????????????????
,0312(3),,??????????????????????
,,03121,???????????????????
,,03122,???????????????????? ????? ????????????????????????????????????
,,03129,?????????????????????????? ????????????????????
032,,,???????????? 
,0321(1),,????????????????????????
,,03211,????????????????????????????????(?)
,,03212,???????????????????????????????????(????????? ??????????? ???) ????????? ???????????? ??????????
,,03213,?????????????????????? ????????????????????????????????????????
,,03214,??????????????????????????????????? ?????????????????????????????????? ?????????????????????????????
,,03215,?????????????????????????????????????? ?
,,03219,????????????????????????????????????? ??????????????????????
,0322(3),,??????????????????????? 
,,03221,???????????????????????????
,,03222,??????????????? ??????????? ?????????????
,,03223,??????????????? ????????
,,03224,??????????????????????????? ???????????????
,,03225,????????????????
,,03229,????????????????????????????? ???????????????????
051,,,??????????????????????
,0510(1),,??????????????????????
,,05100,??????????????????????
052,,,??????????????????????
,0520(2),,??????????????????????
,,05200,???????????????????????
061,,,???????????????
,0610(1),,???????????????
,,06100,???????????????
062,,,??????????????????????
,0620(2),,??????????????????????
,,06200,??????????????????????
071,,,????????????????
,0710,,????????????????
,,07100,????????????????
072,,,???????????????:????????????
,0729(1),,???????????????:????????????
,,07291,????????????????????????? 
,,07292,??????????????????? 
,,07293,????????????????????????????????? 
,,07294,???????????????????????????????????
,,07295,???????????????
,,07299,??????????????????????????????????????????(?)
081,,,????????????????????? ?????? ??????????
,0810(1),,?????????????????? ?????? ??????????
,,08101,????????????? ????? ???? ???????????????????????????????????????? ?????? ???????? ??????????? ???????? ??????????????????????????? ???
,,08102,??????????????????????????
,,08103,???????????? ???????????????????????????????????????? ????????
,,08104,?????????????????????????????
,,08105,???????????????????????????????????(?)
,,08106,?????????????????????
089,,,????????????????????? ?????????????????????????
,0891(1),,?????????????????????????????????????????????????? 
,,08911,?????????????????????????????? 
,,08912,??????????????????????????????? ??????????????????????????????????? 
,,08913,????????????????????????????? ?????????????????????????????????????? ?????????????????????????? ???????????????????????????????????????????
,0892(2),,?????????????????????????????????(???????????????????????????????????????????)
,,08920,?????????????????????????????????(???????????????????????????????????????????)
,0893(3),,?????????????????
,,08931,???????????????????????????????????????????????
,,08932,????????????? ???????? ????????????? ???????????????
,0899,,??????????????????? ???????????????????????????????????????? ?????????????????????????????
,,08991,??????????????????????????????? ????????????????????
,,08992,???????????????????????????????????
,,08999,??????????????????? ???????????????????????????????????????? ?????????????????????????????(?)
091,,,????????????????????????????????????????????
,0910(1),,??????????????????
,,09100,??????????????????(?)
099,,,??????????????????????????????????????????????????
,0990(3),,??????????????????????????????????????????????????
,,09900,????????????????????????????????????????????????????????????????????????????????? ??????????????????????? ?? ?? ??? ?? (?)
101,,,????????? ?????????????????
,1010,,??????? ?????????????? (??????????????)
,,10101,??????? ????????????????????? ??????????????
,,10102,???????? ????????????????????????
,,10109,???????? ??????????????????? ????????????????????
,1011,,??????? ??????????????????????????
,,10111,??????? ??????????????????????
,,10112,??????? ????????????????????
,,10113,??????? ???????????????????????
,,10119,????????????????????????????????????????????????????????????
,1012,,????????? ???????????????????????????????????????
,,10121,???????????????????
,,10122,???????????????? ???????? ?????????????
,,10123,???????????????????
,,10124,?????????????????
,,10125,?????????????????
,,10126,????????????????
,,10129,????????????? ?????????????????????????????????????????????? ????????????????????????????
102,,,????????????????????????????? ????????????(????? ?????) ?????????????(???? ????)
,1020,,??????????????????????? ???????????????????????? (????? ????? ???????)
,,10201,?????????????????????????????????????????????????? ??????????????????????????
,,10202,??????????????? ??????? ????????????
,,10203,????????????????????
,,10204,??????????????????? 
,,10209,???????????? ????????????????????????????? ?????????????????????? ???????????????? ????? ?????????? ????????????????????
,1021,10210,????????????????????
,1022,10220,??????????? ????????????????? ?????????????(????? ?????) ???????????????(????? ????)? ?
,1023,10230,??????????? ???????????? ????????????????????
,1024,10250,????????? ?????????????????????????????
,1029,,?????????????????????????? ???????????????????????????????? ?????????????????????????????
,,10291,????????????????????????????????????
,,10292,???????????????????????? (?????? ???) 
,,10293,??????????????
,,10299,?????????????????????????? ?????????????????????????????? ?????????????????????????????
103,,,???????????????????????? ??????????????
,1030,,???????????????????????? ??????????????
,,10301,??????????????????????????????
,,10302,?????????????????????????????
,,10303,????????????????????????????????????????
,,10309,??????????????????????? ????????????????? ??????????????????????????????
,1031,,????????????????????????????????
,,10311,?????????????????????????? 
,,10312,??????????????????????????
,1032,,??????????????????????????
,,10321,?????????????????
,,10322,????????????????
,1039,,????????????????????????????? ???????????????????????????????
,,10391,??????????????????????????????????
,,10392,?????????????? 
,,10399,???????????????????????? ?????? ???????????????????????????????
104,,,???????????????????????? ????????????????????
,1040,,???????????????????????? ???????????????????? (??????????????????? ???????? ???????????)
,,10401,???????????????????????????????
,1041,10410,???????????????????? ????????????????????????? ????????????????????????????????????
,1042,10420,???????????????????????????
,1043,10430,???????????????????
,1044,10440,???????????????? ?????????????????????????? 
,1049,10490,???????????????? ???????????????????????????????????? ?????????????????????????????
105,,,??????????????????????????????
,1050,10500,??????????????????????????????????????????????????
,1051,10510,?????????????????????????????????????????????????? (????????????????????????????????)
,1052,,??????????????????????????????????????????? ??????????????????????????????
,,10521,????????????????
,,10522,??????????????????????????? ????????? ????????????????????
,,10529,???????????????????????????????????????????????? ???????????????????? ???????????????????
,1053,10530,???????????????????????????????????????????????????????
106,,,??????????????????????????????????????????? ??????? ?????????????????????????
,1061,,??????????? ??????????????????????????????? (???????????/???)
,,10611,?????????????????????????????????? ??????????????/????
,,10619,??????????? ?????????????????????????????????????? (???????????/???)? ????????????????????
,1062,,??????????????????????????????????????????? (???????????/???)
,,10621,????????????????
,,10622,????????????????????????????
,,10629,??????????????????????????????????????????????? ?????? (???????????/???)???????????????????
,1063,,???????????/???????????????????????????/???
,,10631,???????????
,,10632,?????????
,,10633,?????????????????????????/???
107,,,???????????????????????????????
,1071,,???????????????
,,10711,?????????????????
,,10712,????????????????????/????????????
,,10719,??????????????????????????????????????????????
,1072,,??????????????
,,10721,????????????????????
,,10722,????????????????/????????
,,10729,??????????????? ??????????????????????????
,1073,10730,????????????????????????????????????
,1074,,?????????????????????? ?????? ???????? ?????????????????????????
,,10741,?????????????????
,,10742,??????????????
,,10749,????????????????????????? ??????? ?????????? ????????????????????????????????????????????????????????????????????
,1075,10750,?????????????????????????? ????????????????????????????
,1076,,??????????????????????????????????????????????
,,10761,?????????????????
,,10762,?????????????
,,10769,????????????????????????????????????????????????????????
,1077,,?????????????????????????????? ???????????????????????? ?????????????????????????????????
,,10771,???????????????????????????????????? ?????????????????????
,,10772,????????????????????
,,10773,???????????????????
,,10779,??????????????????????????????????????????????????????????????? ????????????????????????????????????????????????????????????
,1079,10790,?????????????????????????????????? ????????????????????????
108,,,????????????????????????
,1080,,????????????????????????
,,10801,????????????????????????
,,10802,????????????????????
,,10803,???????????????????
,,10809,?????????????????????????????? ?????????????????????
110,,,?????????????????
,1101,,?????? ????????????? ??????????????????????????
,,11010,?????? ????????????? ??????????????????????????
,1102,,?????????????? (????)
,,11021,????????????????????????? (?????????????????? ????)?
,,11022,???????????????????????
,,11023,???????????????????????????
,,11029,??????????????? (????) ????????????????????????????
,1103,,?????????????????????????
,,11031,????????????????????
,,11039,???????????????????????????? ???????????????????????????????
,1104,,????????????????:?????????????? ???????????????? ????????????????????????
,,11041,??????????????????????????????????
,,11042,????????????????
,1105,11050,??????????????????????? ????????????
,1109,11090,??????????????????????????????????????????
120,,,????????????????????????
,1200,,?????????????????????????
,,12000,?????????????????????????
,1209,,?????????????????????????????????????????????????????
,,12090,?????????????????????????????????????????????????????
131,,,?????? ???????? ??????????????????? ??????????????????
,1311,,??????????????????????????? 
,,13111,????????????????????
,,13112,???????????????????
,,13119,???????? ??????????????????? ?????????????????????????????
,1312,,????????????
,,13121,??????????????????????
,,13122,?????????????????????
,,13129,?????????????????????????????????????????????
,1313,13130,????????????????????????
139,,,?????????????????????????
,1391,,??????????????????????????????????????? ????
,,13911,?????????????????????? ????? ???????
,,13919,????????????????????????????????????????????????? ???????????????????
,1392,13920,????????????????????????????????????????????????????????
,1393,,???????????????????????????????
,,13931,?????????????????????? ??????????
,,13939,???????????????????????????????????????????????????????????????
,1394,,??????????????????? (???????????) ?????????????? ????????????????
,,13941,?????????????????? ?? ????? ??? ????
,,13949,?????????????????????(????????????) ???????????????????? ?????????????????????????????????????????????????
,1399,13990,??????????????????? ???????????????????????????
141,,,?????????????????????? ???????????????????????????????
,1410,14101,????????????????????????(???????????????????????????????????????)
,1411,,??????????????????????????? ??????????????
,,14111,??????????????????????????? ?????????????????????????
,,14119,??????????????????????????? ???????????????? ????????????????????????????
,1412,14120,???????????????????????????????????????????????????????????????????????
142,,,?????????????????????????????????
,1420,14200,??????????????? ??????????????????
143,,,????????????????????????????? ???????????????? ?????)??
,1430,14300,????????????????????????????? ????? ????????? (??????????????? ?????)??
151,,,???????????????? ????????????????? ???????????????? ??????????? ?????? ???????????? ????????????????????????????
,1511,15110,???????????????? ???????????????????? ????????? ????????????????????????
,1512,,???????????????? ????????????????????????????? ???????? ?????????????
,,15121,???????????????? ??????????? ???????????????????
,,15129,???????????????? ????????????????????????????? ???????? ????????????? ????????????????????????????
152,,,??????????????????
,1520,,??????????????????
,,15201,??????????????????????????????
,,15209,???????????????????????????????????????????????
161,,,???????????????????
,1610,16100,???????????????????
162,,,?????????????????? ?????? ????? ????????????????
,1621,16210,?????????????????????????????????????? 
,1622,,????????????????????????? ?????????????????
,,16221,??????????? ???????????  ?????????????????????????
,,16222,?????????????????????????????????????????
,,16229,??????????????????? ????????????? ???????????????????????????
,1623,16230,???????????????????
,1629,16290,????????????????????????????????????????????????????????????????? ??????????????????????? 
170,,,??????????????????????????????
,1701,,???????????????????? ?????????????????????
,,17011,????????????????????
,,17012,??????????????????????
,,17019,?????????????????????????????????????????????????????????????
,1702,17020,???????????????????????? ????????????? ??????????????????????????? ????????????????? 
,1709,17090,??????????????????????????????????????????? ???????????????????????
181,,,??????????? ??????????????????????????????? ????????????????????????
,1811,18110,???????????
,1812,18120,??????????????????????????????????????
182,,,???????????????? ???????????????????????????
,1820,18200,??????????????????? ???????????????????????????????????
191,,,?????????????????????????
,1910,19100,???????????????????????????????
192,,,?????????????????????????
,1920,19200,?????????????????????????
,1929,19290,??????????????????????????????????
201,,,?????????????????????????????????????????????? ???????????????????????? ?????????????????
,2011,,??????????????????????
,,20111,???????????????????????????????????? ?????????
,,20119,??????????? ?????????????????????????????????
,2012,20120,??????????? ?? ????????????????????????
,2013,20130,???????????? ????????? ????????????????????????????????? ?
202,,,?????????? ????????????????
,2021,20210,?????????? ????????????????????????? ????????????????????????????
,2022,20220,????????????????????????? ?????? (??????????????????) ???????????????????????????????? ??????????????????? ??????????????
,2023,20230,??????????? ??????????????????????????????????????? ????????????? ????????????????
,2029,,?????????? ???????????????????????????????????
,,20291,?????????? ??????????
,,20299,?????????? ????????????????????????????????????????????????
203,,,?????????? ?????????
,2030,20300,??????????? ???????????
210,,,??????????? ?????????????????????????????? ?????????????????????????????????
,2100,21000,??????????? ?????????????????????????????? ?????????????????????????????????
221,,,?????????? ?????????????
,2211,22110,??????????? ??????? ??? ??????????????????????????????????????? ?????????????????????????????????
,2219,22190,?????????? ??? ???????????????????
222,,,?????????? ?????????????????????????
,2220,22200,?????????? ???????????????????????????????
,2221,22210,?????????? ?????????????????????????????????????????????????????
,2222,22220,?????????? ???????????????????????
,2229,22290,?????????? ???????????????????????????????????????????????
231,,,?????????? ???????????????????????
,2310,23100,?????????? ??????? ?????????????????????
239,,,?????????? ????????????????: ???????????????????
,2391,23910,?????????? ????????????????
,2392,,?????????? ????????????????????????
,,23921,?????????? ?????????????????
,,23922,?????????? ????
,,23923,?????????? ?????????????????????????????
,,23929,?????????? ????????????????????????? ????????????????????????????
,2393,23930,?????????? ?????????????????? ??????????????????
,2394,,?????????? ?????????????????????????
,,23941,?????????? ??????????
,,23942,?????????? ??????
,,23949,?????????? ????????????????????????????????????????????????????
,2395,23950,?????????? ??????????????????????????????????? ?????????????????????
,2396,23960,?????????? ??????????????????????????????
,2399,23990,????????????????????????????? ???????????????????????????????
241,,,?????????? ????????????????????
,2410,24100,?????????? ???????????? ????????????
242,,,?????????? ??????????????????????????? ??????????????????????????????????
,2420,24200,?????????? ??????????????????????????? ??????????????????????????????????
243,,,??????????????????????
,2431,24310,??????????????????????????????
,2432,24320,????????????????????????????????????????
251,,,?????????? ??????????????????????????????????????????????????????????
,2511,,?????????? ????????????????????
,,25111,?????????? ??????????????????????????????????
,,25112,?????????? ?????????????????????
,,25119,?????????? ????????????????????????????????
,2512,25120,?????????? ????????????????????????????????
,2513,25130,?????????? ????????????????????????? ?????? ???????????????????????????
252,,,?????????? ?????????????????????
,2520,25200,?????????? ?????????????????????
259,,,?????????? ????????????????????????? ?????????????????
,2591,25910,????? ?????????????????????????????????????????????????? ????????????????????? 
,2592,25920,???????????????? ?????????????????? ???????????
,2593,25930,??????????? ???????????????????????????????????????????????????
,2594,25940,?????????? ??????????????? ??????????????????????? ????????????? ??????????????
,2595,25950,?????????? ?????????????????????????????????? (?????????????????????????????)?
,2599,,?????????? ????????????????????????????? ??????????????????????????????
,,25991,?????????? ?????????????????????????????
,,25999,?????????? ????????????????????????????? ??????????????????????????????
261,,,?????????? ????????????????????????????
,2610,,?????????? ????? ????????? ????????????
,,26101,?????????? ????? ????????? ????????????
,,26102,?????????? ????????????????? ???????????????????????????????????
262,,,?????????? ????????????????????????????????????????
,2620,,?????????? ???/? ????????????????????????????
,,26201,?????????? ???/? ????????????????????????????
,,26202,?????????? ?????????????????????????
263,,,?????????? ???????????????????
,2631,,?????????? ??????????????????????
,,26310,?????????? ??????????????????????( ???????????????????????????????????)?
,2632,26320,?????????? ????????????????????????????
,2639,26390,?????????? ?????????????????????? ????????????????????????????
264,,,?????????? ???????????????????????????
,2641,26410,?????????? ???/???????????????
,2642,26420,?????????? ?????????????????? ????????? ?????????????? ??????????(?????????????????)?
,2649,26490,?????????? ?????????????????????????????? ???????????????????????????
265,,,?????????? ???????????????????????? ????? ??????????????? ???????? ??? ??????????????????
,2651,26510,?????????? ????????????????? ?????????? ????? ??????????????????
,2652,26520,?????????? ?????????????????????????????
266,,,?????????? ????????????????????? ????????????????????? ?????????????????????
,2660,26600,?????????? ???????????????????????? ????????????????????????????????????????????? 
267,,,?????????? ?????????????????????????????
,2671,26710,?????????? ????????????
,2679,26790,?????????? ????????????? ?????????? (?. ??????????????????????????? ?????????????????????????????? ???????????????????) ??????????????????????????
268,,,?????????? ????????????????????????????????????? ?????????
,2680,26800,?????????? ????????????????????????????????????? ?????????
271,,,?????????? ??????????????????????????????????????????????????????? ????????????????????????????
,2711,27110,?????????? ???????????????? ???????????? ??????????? ??????????????????-???????????????
,2712,27120,?????????? ????????????????????? ??????????????????????????
272,,,?????????? ?????? ????????
,2720,27200,?????????? ????????????????
273,,,?????????? ????????????????????????????
,2731,27310,?????????? ??????????????????
,2732,,?????????? ????????? ?????????????????????? ?????????????????
,,27321,?????????? ???????????????????
,,27329,?????????? ?????????? ??????????????????????? ????????????????????? ????????????????????
,2733,27330,?????????? ???????????????????
274,,,?????????? ??????????????????????
,2740,27400,?????????? ?????????????????????????
275,,,?????????? ????????????????????????
,2751,27510,?????????? ?????????????????????????????????????????????
,2752,27520,?????????? ??????????????????? ????????????????????
,2753,27530,?????????? ??????????????????????????????????????????? ????????????????????????? ??????????????????????????
,2759,27590,?????????? ??????????????????????????????????? ?????????????????????????
279,,,?????????? ????????????????????????
,2790,27900,?????????? ????????????????????????
281,,,?????????? ?????????????????????????????????????????????
,2811,28110,?????????? ??????? ???????????? ???????? ???????? ??????? ??????????????????????? 
,2812,28120,?????????? ???????????????????????????????? ?????????
,2813,28130,?????????? ????? ??????????? ????????? ??? ?????????????????????
,2814,28140,?????????? ?????? (?????????) ?????? ????????????? ?????????????????
,2815,28150,?????????? ?????????????????????????????????
,2816,28160,?????????? ????????????????? ???????? 
,2817,28170,?????????? ????????????? ??????????????????????????????????????????????????????????????????????? 
,2818,28180,??????????? ?????????????????????????
,2819,28190,???????????????????????????????????????????????????????
282,,,??????????????????????????????????????
,2821,28210,?????????????????????????????????????
,2822,28220,?????????????????????????????????????????????????? ??????????????????????????
,2823,28230,???????????????????????????????????????????
,2824,28240,?????????????????????????????????????????????????????????????????
,2825,28250,???????????????????????????????????????????????? ?????????????
,2826,28260,???????????????????????????????????????????????????? ??????????
,2829,28290,??????????????????????????????????????????????????????
291,,,???????????????????
,2910,29100,???????????????/??????????????
292,,,?????????????????????? ???????????????????????????????????????????????
,2920,,?????????????????????? ???????????????????????????????????????????????
,,29201,????????????????????????? 
,,29209,???????????????????? ???????????????????????????????????????????????? ????????????????????????????????
293,,,???????????????????????????????????????????????????????????
,2930,29300,???????????????????????????????????????????????????????????
301,,,???????????????????????????
,3011,,????????????????????????????????????
,,30111,??????????????????????????????
,,30112,???????????????????
,,30119,?????????????????? ???????????????????? ???????????????????????????????
,3012,30120,?????????????????????? ????????????
302,,,??????????????????????? ??????????????????
,3020,30200,?????????????????????????????????????????
303,,,??????????????????? ?????????? ???????????????????????????????
,3030,30300,??????????????????? ?????????? ?????????????????????????????
304,,,??????????????????????????????
,3040,30400,??????????????????????????????
309,,,??????????????????????????????????????????????????????? 
,3091,30910,?????????????????????????? 
,3092,,????????????????????? ?????????????????
,,30921,?????????????????????
,,30922,?????????????????????????
,,30929,?????????????????????? ???????????????? ???????????????????????????????
,3099,30990,????????????????????????????????????????????????????????????????
310,,,??????????????????????????
,3100,,??????????????????????????
,,31001,????????????????????????????????????
,,31002,????????????????????????????????????????
,,31003,??????????????????????????????????????
,,31004,????????????????????????????????
,,31009,??????????????????????????????????????????????????????????????
321,,,????????????????????????????????????????????????????? 
,3211,,?????????????????????????????????????????????????????????????????????????????????????????
,,32111,??????????????????????? ?????????????????????????????????????
,,32112,?????????????????????? ??????????????????????????????????????????
,,32113,?????????????????????? ???????????????????????????????????????
,,32119,????????????????????????????? ??????????????????????????????????????????????????????? ????????????????????????????????????????????????? 
,3212,32120,??????????????????????????????????????????????????????
322,,,???????????????????????????
,3220,,???????????????????????????
,,32201,???????????????????????????????????
,,32209,????????????????????????????? ??????????????????????????????
323,,,???????????????????????
,3230,32300,????????????????????????
324,,,????????????????????????????????????????????
,3240,32400,????????????????????????????????????????????
325,,,??????????????????? ?????????????????????????????????????????? ????????????????
,3250,32500,??????????????????? ?????????????????????????????????????????? ????????????????
329,,,??????????????????????????????????????????
,3290,32900,??????????????????????????????????????????
331,,,??????????????????????????????????????????????????
,3311,33110,?????????????????????????????????
,3312,33120,????????????????????????
,3313,33130,????????????????????????????????????????
,3314,33140,??????????????????????????
,3315,33150,???????????????????????????? (?????????????????) ???????????
,3319,33190,?????????????????????????????
332,,,?????????????????????????????????????????????????????
,3320,33200,????????????????????????????????????????????????
351,,,??????? ????????? ?????????????????????????
,3510(?),,??????? ????????? ?????????????????????????
,,35101,????????????????????????????????????????(?)
,,35102,????????????????????????????????????????
,,35103,?????????????????????????????????????????
352,,,????????????? ???????????????????????:?????????????????
,3520(?),,????????????? ???????????????????????:?????????????????
,,35200,????????????? ???????????????????????:??????????????????????
353,,,???????????????????? ???????????????????????
,3530,,???????????????????? ???????????????????????
,,35300,???????????????????? ???????????????????????
,,35301,??????????????????????????????????
,,35302,??????????????????????????????????
,,35303,???????????????????????? ????????????????
360,,,????????? ?????????????????????? ???????????????????
,3600(1),,?????????????? ??????????????????? ???????????? ????????????????????????????? ??????????
,,36000,??????????? ???????????????????????????????????????????(?)
370,,,???????????????? 
,3700,,???????????????? 
,,37000,???????????????? ?????????????????????????(?)
381,,,?????????????????
,3811(1),,??????????????????????????????????
,,38110,???????????????????? ??????????????????? (????? ?????)
,3812(2),,?????????????????????????????????? 
,,38120,??????????????????????????????????(?)
382(1),,,??????????????????????????? ????????????????????
,3821(2),,??????????????????????????????????????????????? ???????????????????
,,38210,??????????????????????????? ???????????????????? ???????????????????(?)
,3822(4),,??????????????????????????? ???????????????????? ?????????????????
,,38220,??????????????????????????? ???????????????????? ?????????????????(?)
383,,,?????????????????
,3830(1),,?????????????????
,,38300,?????????????????(?)
390,,,???????????????????????????? ??????????????????????????????????
,3900(1),,???????????????????????????? ??????????????????????????????????
,,39000,???????????????????????????? ??????????????????????????????????(?)
410,,,????????????????????
,4100(1),,????????????????????
,,41001,??????????????????????????????(?)
,,41002,??????????????????????????(?)
,,41003,????????????(?)
,,41004,???????????????(?)
,,41005,????????????????(?)
,,41006,????????????(?)
,,41007,????????????(?)
,,41009,??????????????????????????????????????(?)
421,,,????????????????? ?????????????
,4210(1),,????????????????? ?????????????
,,42101,?????????? ????? ????? ???????????????(?)
,,42102,?????????????
,,42103,?????????????????? ??????????????
,,42109,????????????????? ?????????????????????????????????????????
422,,,????????????????????????????
,4220(3),,????????????????????????????
,,42201,??????????????????????? ???????? ????? ?????????
,,42202,????????????????????????????? ??????????????
,,42209,??????????????????????????????????????????????????
429,,,??????????????????????????????????
,4290(4),,?????????????????????????????????? ?????????????
,,42901,??????????????????????????
,,42909,?????????????????????????????????????????????????????????
431,,,???????????? ???????????????????
,4311,,????????????
,,43110,???????????????????? ?????????????????????????????
,4312(1),,????????????????
,,43121,?????????????????????????????????????? ??????(?)
,,43122,???????????????
,,43129,??????????????????????????????????????????????
432,,,????????????????????????????? ??????????? ??????????????????????????
,4321(1),,????????????????????????? 
,,43211,???????????????????????????????????
,,43219,?????????????????????????????????????????????????????????
,4322(2),,???????????????????? ?????????????????????? ?????????????
,,43221,??????????????????????????????????
,,43222,??????????????????????????????????????
,4329(3),,????????????????????
,,43291,?????????????????????????????????
,,43299,???????????????????????????????????????
433,,,????????? ??????????????????????????
,4330(1),,????????? ??????????????????????????
,,43301,??????????? ????????????????????
,,43302,???????????????? ????????? ??????????????????????
,,43303,??????????
,,43304,????????????????????????????????
,,43309,????????? ???????????????????????????????????????????????
439,,,?????????????????????????
,4390(1),,?????????????????????????
,,43901,??????????????? ??????????????
,,43909,????????????????????????????????????????????
451,,,?????????????
,4510(1),,??????????????????????? ???????????????????????
,,45101,?????????????????????????? 
,,45102,?????????????????????????????????????
,,45103,?????????????????????????????????? ??????????? ???????(?)
,,45104,????????????????????????????????????? ??????????? ???????
452,,,???????? ???????????????????
,4520(3),,???????? ???????????????????
,,45201,???????? ??????????????????? ???????????????????????
,,45202,???????? ???????????????
,,45203,??? ???????????????
,,45204,?????????????????
,,45205,????????? ?????????????????????????? ??????????????????
,,45206,????????????????????? ??????????????????????????????????????????????????
453,,,????????????????????????? ????????????????????
,4530(4),,????????????????????????? ????????????????????
,,45300,????????????????????????????????????????? ???????????? ????????????? ?????? ??????????????????????????????????(?)
454,,,????????????????????????????????? ???????????????????????????????????????????????
,4540(1),,????????????????????????????????? ???????????????????????????????????????????????
,,45401,??????????????????????????????? ????????????????????
,,45402,??????????????? ??????????????????????????????????????????????????????????????????????????????
,,45403,???????????????????????????
461,,,??????????????????????????? ??????????????????
,4610(1),,??????????????????????????? ??????????????????
,,46100,??????????????????????????? ??????????????????
462,,,??????????????????????????????????????
,4620(2),,????????????????????? ??????? ???
,,46201,??????????????
,,46202,??????????????
,,46203,????????????????? ??????????????????
,,46204,??????????????????????
,,46205,??????????
,,46209,???????????????????????????
463,,,????????????????????????????????
,4631,,????????????????? ?????? ????????
,,46311,????????????? ????? ???????
,,46312,????????????? ??????????????
,,46313,???????????????
,,46314,??????????????
,4632,,?????????????? ??????? ?????????????????
,,46321,?????????????? ????? ????????????? ?????? ???????
,,46322,????????????????????????????????
,,46323,???????????????????? (?? ??????????)
,,46324,??????????? ?????? ????????????????????
,,46325,??????????????? ?? ???????????????????????
,,46326,???????????????? ????????????????(?)
,,46327,?????????????? ???? ??????????
,,46329,?????????????????????????(?)
464,,,?????????????????????????????????
,4641(1),,???????????????????????? ???????????? ??????????????????????????
,,46411,????????????????????????
,,46412,??????????????????? ??????????? ?????? ???
,,46413,????????????????????? ????????????????????(?)
,,46414,????????????????????????????????
,,46419,???????????????????????? ???????????????(?)
,4642,,?????????????????? ???????????????????????????
,,46421,?????????????????? ??????????????????
,,46422,??????????????? ??????????? ????????
,4643,,???????????????????? ???????? ????? ???????????????????????????? ??????????????
,,46431,???????????? ??????????????? ????????????????????
,,46432,???????????????????? ???????????????(?)
,,46433,???????????????????? ??????????????????????????(?)
,,46434,?????????????????????? ???????? ??????????????? ??????????????(?)
,4644,,???????????????????????? ???????? ?????? ???????????????
,,46441,????????????????????????? ??????????????????
,,46442,?????????? ???????????????????????
,,46443,?????????????? ?????? ???????????????
,4649(1),,?????????????????????????????????????????
,,46491,?????????????????????????????????????????
,,46492,???????????????????????????????????????
,,46493,????????????????????????? ????? ??????????? ?????
,,46499,???????????????????????????????????????(?)
465,,,?????????????????????????????????????????????????????
,4651(3),,???????????????? ????????????????????????????????????????
,,46510,??????????????????? ????????????????????????????? ???????????
,4652(4),,?????????????????????????? ????????????????? ???????????????
,,46521,????????????????? ???????????????????????????????????????
,,46522,???????????????????? ????????????????????? ??????????
,,46529,????????? ????????????????????????(?)
,4653(1),,??????????????????????????? ????????????????????????????
,,46531,????????????????????? ?????? ????????????????????????????(?)
,4659(3),,????????????????????? ??????????????????
,,46591,?????????????????????????????????? ????????????????????????????????????????????????????????????????????????????????
,,46592,???????????????????????????????
,,46599,???????????????????????????????????????????????????????? ??????????? ??????????????????????? ??????????????????????(?)
466,,,????????????????????
,4661,,???????????????????????? ??? ????????? ??????????????????
,,46611,?????????????????? ???????????? ?????????? ???
,,46612,????????????????????????
,,46619,???????????????????????? ??? ????????? ??????????????????(?)
,4662(2),,????????????????? ??????????????
,,46620,??????????????? ???????????????????????????????????? ??????? ???????????????
,4663,,????????????????????? ?????????????????????????????????????? ??????????????? 
,,46631,?????????????? ????? ??????????  ?????????????????????????????????
,,46632,????????????????? ???????????????????? 
,,46633,??????????????? ???????????????(?)
,,46634,???????????????????????????????????????? ?????????
,,46635,??????????????????????? ??????????????? ??????????????????(?)
466,,,????????????????????
,4664,,??????????????????? ??????????????
,,46641,?????????????????????????????????????(?)
,,46642,??????????? ???????????????????? 
,,46643,????????????????????????????????????????????
,,46644,?????????????????????????????? 
,,46645,?????????????????????????????? ??????????????????
,4665(2),,????????????????? ?????????????
,,46651,?????????????? ?????????????(?)
,,46652,?????????????????? ?????????? ????????? ?????????????????????????? ???????????????????????????????????????(?)
,,46659,??????????????????? ???????? ??????????????? 
469,,,?????????????????????????
,4690,,??????????????????????(????????????????????????????????????????????)
,,46900,?????????????????????????????????????????????????????????????????????
471,,,????????????????????????
,4711,,????????????????????????? ??????????????????? ??????????????????????
,,47111,????????????
,,47112,??????????
,,47113,??????????????????(?)
,4719,,???????????????????????????????????
,,47191,?????????????????????? ?????????????????(?)
,,47192,??????????????????????????? 
472,,,?????????????? ??????? ????????????????????????
,4721(3),,????????????????????????????? 
,,47211,????????????????? ???? ?????????????? ???????
,,47212,?????????????? ?????????????? ?????????????? 
,,47213,????????????? ????????????? (????????????)
,,47214,????????????? ??????????? ??????????????? 
,,47215,????????? ????????????
,,47216,????????????????????????? ????? 
,,47217,??????????? ????? ?????????????????????????????????? ????????????
,,47219,?????????????????????????????
,4722,,???????????????????????????????
,,47221,??????????????????? ???? ??????????????????????
,,47222,?????????????? ?????? ?????????? ???????? 
,,47223,???????????????? ????????????
,4723,,??????????????????????????????????????
,,47230,???????????????????????????????
473,,,?????????????????????????????????????????? 
,4730(1),,??????????????????????????????????????????
,,47300,????????????????????????????????? ??????????????(?)
474,,,??????????????????????????? ????????????????????????????
,4741(3),,??????????????????????? ???????????????? ??????????????????? ????????? ????????????????????????????????
,,47411,??????????????????????? ?????????????????????(?)
,,47412,??????????????????????? 
,,47413,???????????????????????????????? ?????????????????
,,47414,??????????????????? ??????????????????????????
,4742,,?????????????????? ???????????????????????????
,,47421,???????????????????? ????????????
,,47422,???????????????????? ????????????????? ????????? ??????????????????? ???????????????
475,,,????????????????????????????????????????????????????????
,4751(5),,??????????????????????????????????????? 
,,47510,??????????????????????? ??????? ???????????????????(?)
,4752,,???????????????????????? ???????? ????????????????????? 
,,47520,???????????????????????? ???????? ??????(?)
,4753,,??????????????????? ????????????? ?????????????????? ?????????? ???????????????
,,47531,??????????????????? ????????????????
,,47532,??????????????? ???????????????
,,47533,????????????????????????? ????????????? ???????????????
,4759(1),,?????????????????????????????????????????????? ???????????????? ???????????? ??????????????? ???????????????
,,47591,?????????????????????????????????(?)
,,47592,????????????????????
,,47593,???????????????????????????????? ?????? ???????? ??? ??? ????????? 
,,47594,????????????????????????????
,,47595,????????????????????????????????
,,47596,???????????????????????????(?)
,,47599,?????????????????????????????????????????????????????????
476,,,???????????????????????????????????????????????
,4761(4),,?????????????? ????? ????????????????????????????? 
,,47611,??????????????? ?????????????????????????????
,,47612,?????????????? ????? ????????????????
,4762,,????????????????????????? ???????????????(?)
,,47620,???????????????? ????????? ???????????? ??????? ????????? 
,4763,,?????????????????????????????????
,,47631,?????????????? ????????????? ??????????????????????
,,47632,?????????????????????????????
,,47633,???????????? ??????????????????
,,47634,???????????? ??????????????? ????????????????????
,4764(1),,?????????????? ???????????????????????????????? 
,,47640,?????????????? ?????????????????? ??????????????????
477,,,??????????????????????????????????????
,4771(2),,????????????????????? ???????????????? ????????? ???????????????????? 
,,47711,????????????????????? ???????????????????? (?)
,,47712,?????????????????????????
,4772,,??????????????????????? ????????????????????????????????????
,,47721,????????????????????
,,47722,??????????????????????? ??????????????
,4773,,??????????????????????????????????????????? 
,,47731,???????????????????? ???????????????????????????? 
,,47732,????????????????? ?????????????????? ???????????????
,,47733,????????????? ????????? ????????? ?? 
,,47734,?????????????????????????? ??????????????? ???????????? 
,,47735,????????????????????????????????? ???????? ????? ??? 
,,47736,?????????????? ????????????????????????(?)
,,47737,????????????? ??????????? ?????????????????????????
,4774(1),,???????????????????
,,47741,??????????????????
,,47742,??????????????????????? ???????????????????
,,47743,???????????????????
,,47749,?????????????????????????(?)
478,,,???????????????????????????
,4781(3),,?????????????? ??????? ???????????????? ????????????? 
,,47810,?????????????? ??????? ???????????????? ??????????
,4782,,???????????????????????? ???????????? ???????????????? ???????? ??????????
,,47820,???????????????????????? ???????????? ???????????????? ???????? ??????????
,4789,,????????????????????????? ??????????
,,47891,??????????????????? ???????????????????? ????????
,,47892,?????????????????????? ????????
,,47893,?????????????? ?????????????????????????????????? 
,,47894,?????????????????????????????????? ????????????????????????????????????????????????? ???????? 
,,47895,???????????????? ????????????????? ????????
479,,,?????????? ????????????????????????????
,4791,,???????????????????????????????? ?????????????
,,47911,????????????????????????? ?????????????
,,47912,???????????? ?????????????????? ????????????????????????????????
,4799(4),,?????????????????????????????? ??? ???????? 
,,47999,??????????????????????????????? ??? ????????(?)
491,,,???????????????????????
,4911(1),,???????????????????????????????? ???????????????
,,49110,?????????????????????????????????????????????? 
,4912(2),,????????????????????????????
,,49120,?????????????????????????????????????????? ???????????????????????????
492,,,???????????????????????????????
,4921,,???????????????????????????????????????????? ????????????????
,,49211,?????????????????????????????????
,4922,,????????????????????????????????????????
,,49221,????????????????????????????????? ??????????????
,,49222,??????????????????? ?????????????? 
,,49223,???????????????????????????
,,49224,???????????(?)
,,49225,????????
,,49229,????????????????????????????????????????(?)
,4923(1),,????????????????????????????
,,49230,????????????????????????????
493,,,????????????????????????????
,4930(2),,????????????????????????????
,,49300,????????????????????????????
501,,,??????????????????????????? ?????????????????? 
,5011(1),,????????????????????????????????????? ?????????????????? 
,,50110,????????????????????????????????????? ?????????????????? 
,5012(2),,????????????????????????????????? ?????????????????? 
,,50120,????????????????????????????????? ?????????????????? 
502,,,?????????????????????????? 
,5021,,???????????????????????????????????
,,50211,?????
,,50212,????????????????????????????? ????? ??? ???????????????????? ????????????????????????
,,50213,???????????????????????????????????????????????????????????????? 
,5022,,???????????????????????????????
,,50220,????????????????????????? ????? ??? ???????????????????? ??? ????????????????
511,,,??????????????????????????????????
,5110(1),,??????????????????????????????????
,,51100,???????????????????????????????????????????
,,51101,????????????????????????????????????????????
512,,,??????????????????????????????
,5120,,??????????????????????????????
,,51200,???????????????????????????????????????
,,51201,????????????????????????????????????????
521,,,???????????????????????? ??????????????
,5210(1),,???????????????????????? ??????????????
,,52100,????????????????????????????? ??????????????
522,,,??????????????????????????
,5221(2),,?????????????????????????????????????????????
,,52211,?????????????????????????(?)
,,52212,????????????????????
,,52213,?????????????????????????????????????(?)
,,52219,?????????????????????????????????????????????????????????????????????????(?)
,5222(1),,????????????????????????????????????????????????
,,52221,????????????????????????????
,,52222,???????????????? ???????????????????????????????
,,52229,?????????????????????????????????????????????????????????????????????????
,5223(2),,??????????????????????????????????????????????????
,,52230,??????????????????????????????????????????????????
,5224(1),,???????????????
,,52240,???????????????
,5229(2),,????????????????????????????????????????
,,52291,??????????????
,,52292,?????? ???????????????????????????
,,52293,?????????????????????????????
,,52299,???????????????????????????????????????????????????????????(?)
531,,,?????????????????????????
,5310,,?????????????????????????
,,53100,?????????????????????????(?)
532,,,??????????????????????????????
,5320(2),,??????????????????????????????
,,53200,?????????????????????????????? ???????????????????????????(?)
551,,,????????????????????????
,5510(1),,????????????????????????
,,55101,???????????????????????
,,55102,??????
,,55103,???????? ????????
,,55104,?????????? ???????(?)
,,55105,?????????????????
,,55109,???????????????????????? ????????????????????????? 
552,,,?????????????? ?????????????????? ?????????
,5520,,?????????????? ?????????????????? ????????? 
,,55200,?????????????? ?????????????????????????
559,,,????????????????????
,5590,,????????????????????
,,55901,????????????????????????? ??????????????????????????????
,,55909,????????????????????????(?)
561,,,??????????????????????????? ??????????????????????????????
,5610(1),,??????????????????????????? ????????????????????
,,56101,??????????? ??????????????????????
,,56102,??????????????????(?)
,,56103,???????????? ?????????????????????
,,56104,????????????????
,,56105,?????????????????? ?????????? ?????????????????????????????????? ??????????
562,,,?????????????????????????????????? ??????????????????????????????
,5621(3),,????????????????????????????? 
,,56210,?????????????????????????????
,5629,,????????????????????????????????????? 
,,56290,?????????????????????????????????????(?)
563,,,????????????????????
,5630(5),,????????????????????
,,56301,??????? ??????? ????? ?????????? ???????????????
,,56302,????? ????????
,,56303,?????????????
,,56304,?????????????? ????
,,56309,?????????????????????????? ?????????????? ????????????????
581,,,????????????????????? ????????? ????????????????????????????????
,5811(1),,?????????????????????
,,58110,????????????????????? ??????????????? ???????????????????????????(?)
,5812,,????????????????????????????? ?????????????????
,,58120,?????????????????????????????? ???????????????? ???????????????????????????
,5813,,????????????????????? ???????????? ????????????
,,58130,????????????????????? ???????????? ??????????? ??????????????????????????????? ?????????????(?)
,5819(?),,???????????????????????????
,,58190,"????????????????????????? ????? ??????? ???????????????????????????????????? ?????? 
??????????? ???????????????????????????? ??????????????????????? ??????????????????
????????????????????????????"
582,,,?????????????????????????????
,5820(2),,??????????????????????????????????????????????? (?????????????????????????????)
,,58201,?????????????????????????
,,58202,??????????????????????????????
,,58203,??????????????????????????????????????????????????????????????????(?)
591,,,??????????????? ????????????????? ?????????
,5911(1),,??????????????????? ????????????????? ?????????
,,59110,??????????????????? ????????????????? ?????????(?)
,5912(3),,??????????????????????????? ????????????????? ?????????
,,59120,??????????????????????????? ????????????????? ?????????(?)
,5913(1),,????????????????????? ????????????????? ?????????
,,59130,????????????????????? ????????????????? ?????????(?)
,5914,,??????????????????????????
,,59140,??????????????????????????? ??????????????????????????(?)
592,,,??????????????? ??????????????????
,5920(4),,??????????????? ??????????????????
,,59200,??????????????? ??????????????????
601,,,??????????????
,6010(1),,??????????????
,,60100,??????????????
602,,,?????????????????????? ????????????????????
,6020(2),,?????????????????????? ????????????????????
,,60200,?????????????????????? ????????????????????
611,,,??????????????????????????
,6110,,??????????????????????????
,,61100(1),???????????????????????????????
612,,,???????????????????????????????????????????????????????
,6120,,???????????????????????????????????????????????????????
,,61200(2),????????????????????????????????????????????????????????????
613,,,???????????????????????????????????????????
,6130(1),,???????????????????????????????????????????
,,61300,???????????????????????????????????????????
619,,,???????????????????????????
,6190(2),,???????????????????????????
,,61901,?????????????????? ???????????????????????????????????????????????????????
,,61909,??????????????????????????? ???????????????????
620,,,??????????????????????????? ??????????????? ????????????????????
,6201(1),,????????????????????????????????
,,62010,????????????????????????????????(?)
,6202(3),,?????????????????????????????? ????????????????????????????????
,,62020,?????????????????????????????? ????????????????????????????????(?)
,6209(5),,????????????????????? ?????????????????????????????
,,62090,????????????????????????????????????? ???????????????????(?)
631,,,?????????????????? ?????????????????????????????????????????????? ?????????????????????????????????
,6311,,?????????????????? ????????????????????????????? ???????????????????? 
,,63111,?????????????????
,,63112,??????????????????????????????
,,63119,?????????????????? ???????????????????????????????????? ????????????????(?)
,6312,,??????????????????????????????
,,63120,???????????????????????????(?)
639,,,??????????????????????????????? 
,6391(3),,??????????????????????????????
,,63910,???????????????????????? ????????????????????????????????? ????? ??????????????? ?????? ?????????????????????????????????? 
,6399(4),,??????????????????????????????? ??????????????????? 
,,63990,??????????????????????????????? ???????????????????
641,,,????????????????????????
,6411,,????????????
,,64110,????????????
,6419,,????????????????????????????????
,,64191,?????????????
,,64192,??????????????????????????????????????????
642,,,???????????????????????????
,6420(2),,???????????????????????????
,,64200,???????????????????????????
643,,,?????????????? ??????? ??????????????????????????????????
,6430,,?????????????? ??????? ??????????????????????????????????
,,64300(3),?????????????? ??????? ??????????????????????????????????
649,,,??????????????????????????????????? ??????????????????????????? ??????????????????????
,6491(3),,???????????????????
,,64910,???????????????????????????
,6492(1),,????????????????????? 
,,64921,???????????(?)
,,64922,???????????????????????????(?)
,,64923,???????????????????
,,64924,????????? ??????????????(?)
,,64925,???????????????
,,64929,??????????????????????????? ???????????????????
,6499(3),,??????????????????????????????????????????????????? ??????????? ?????????????????????? ???????????????????
,,64991,??????????????????? ??????????????????????????????????????
,,64992,???????????????????????????????
,,64999,"??????????????????????????????????? ???????????????? ???????????
?????????????????????? ???????????????????"
651(1),,,??????????????
,6511,,???????????????????????
,,65110,???????????????????????
,6512,,??????????????????
,,65120,??????????????????
652,,,??????????????????
,6520,,??????????????????
,,65201,??????????????????????
,,65202,???????????????????????????
653,,,???????????????????
,6530(2),,???????????????????
,,65300,???????????????????
661,,,???????????????????????????????????????????? ?????????????????????? ??????????????????????
,6611(1),,?????????????????????????
,,66111,????????????
,,66112,?????????????????
,6612(2),,??????????????????????????????????????????????? 
,,66121,????????? (???????????) ?????????????????????(?)
,,66122,??????????????????????? ?????????????????????????
,,66123,???????????????????(?)
,6619(5),,??????????????????????????????????????????????????????? 
,,66191,????????? ?????????????????????? 
,,66192,????????????????????(?)
,,66193,?????????????????????????????????
,,66199,???????????????????????????????????????????????????????
662,,,???????????????????????????????????? ??????????????????????
,6621(1),,?????????????????? ????????????
,,66210,??????????????????????????????????????
,6622,,????????????????????? ??????????????????????? 
,,66221,????????????????????????????????
,,66222,????????????????????????????????
,6629(2),,???????????????????????????????????????????? ??????????????????????
,,66290,???????????????????????????????????????????? ??????????????????????
663,,,???????????????????????? 
,6630,,????????????????????????
,,66300,????????????????????????(?)
681,,,?????????????????? ???????????????????????????? ????????
,6810(1),,?????????????????? ???????????????????????????? ???????? 
,,68101(2),?????? ?????? ?????? ???????????????????????????????????????? ? ???????
,,68102,?????????????????????????? ??????????????????????????? (?. ??????? ??????????????????????????????(?))
682,,,?????????????????? ??????????????????????? ??????????????
,6820(4),,?????????????????? ??????????????????????? ??????????????
,,68201,????????????????????? ????????????????????(?)
,,68202,?????????????????????? ??????????????????????? ??????????????
,,68203,??????????????????????????(?)
,,68209,?????????????????? ??????????????????????? ?????????????? ?????? ???????????????????(?)
691,,,????????????????????????
,6910(1),,????????????????????????
,,69100,????????????????????????
692,,,??????????????? ???????? ???????????????????????????
,6920(2),,??????????????? ???????? ???????????????????????????
,,69200,??????????????? ???????? ???????????????????????????
701,,,???????????????????????????
,7010(1),,???????????????????????????
,,70100,???????????????????????????
702,,,??????????????????????????????????
,7020(2),,??????????????????????????????????
,,70200,??????????????????????????????????
711,,,???????????????????????????????? ???????????????????????????????????????
,7110(1),,???????????????????????????????? ???????????????????????????????????????
,,71101,????????????????????(?)
,,71102,????????????????? ???????????????????????????????????(?)
712,,,???????? ?????????????????
,7120,,???????? ?????????????????
,,71200,???????? ?????????????????(?)
721,,,????????????? ?????????????????????? ??????????????????????????????????????
,7210,,????????????? ?????????????????????? ??????????????????????????????????????
,,72100,????????????? ?????????????????????? ??????????????????????????????????????(?)
722,,,????????????? ?????????????????????? ???????????????????????????????????????
,7220(2),,????????????? ?????????????????????? ???????????????????????????????????????
,,72200,????????????? ?????????????????????? ???????????????????????????????????????
731,,,???????????????????
,7310,,???????????????????
,,73100,???????????????????(?)
732,,,???????????????????? ?????????????????????
,7320,,???????????????????? ?????????????????????
,,73200,???????????????????? ?????????????????????(?)
741,,,?????????????????
,7410(1),,?????????????????
,,74100,?????????????????
742,,,?????????????
,7420(2),,?????????????
,,74200,?????????????(?)
749,,,?????????????????? ????????????? ???????????????????? ???????????????????
,7490(1),,?????????????????? ????????????? ???????????????????? ???????????????????
,,74900,?????????????????? ????????????? ???????????????????? ???????????????????
750,,,??????????????????
,7500(1),,??????????????????
,,75000,??????????????????
771,,,?????? ??????????????????
,7710(1),,?????? ??????????????????
,,77101,?????? ??????????????????????????? ????????????????????? ?????????????????
,,77102,?????? ??????????????????????????? ????????????????? ???????????? ????????????????????????
772,,,?????? ????????????????????????????????????????????????
,7721(2),,?????? ?????????????????????????????????
,,77210,?????? ?????????????????????????????????
,7722,,???????????????????????
,,77220,????????????????? ????????????? ????????????
,7729(3),,????????????????? ??????????????????????????????????????????? 
,,77291,???????? ?? ???? ?????????????????????????????????? ?????????????
,,77292,????? ???????????? ??????????????
,,77293,???? ????????????
,,77299,?????? ??????????????????????????????? ??????????????????????????????????????????(?)
773,,,?????? ???????????????????? ?????? ??????????????????????
,7730(1),,?????? ???????????????????? ?????? ??????????????????????? (????????????????????)
,,77301,?????? ??????????????????????????? ????????????????????????????? (?????????????)(?)
,,77302,?????? ??????????????????????????? ?????????????????????????????
,,77303,?????? ??????????????????????????? ???????????????????????????????????????????????
,,77304,?????? ??????????????????????????? ???????????????????????????????????????????????????????????(?)
,,77305,?????? ??????????????????????????? ???????????? ????????????? ??????????????????(?)
,,77309,?????? ???????????????????? ?????? ???????????????????????????????????????(?)
774,,,????????????????????????????? ?????????????????????? ???????????????????????????????
,7740(1),,????????????????????????????? ?????????????????????? ???????????????????????????????
,,77400,????????????????????????????? ?????????????????????? ???????????????????????????????(?)
781,,,????????????????????????????????
,7810(1),,????????????????????????????????
,,78100,????????????????????????????????(?)
782,,,???????????????????????????????????????????
,7820,,???????????????????????????????????????????
,,78200,???????????????????????????????????????????(?)
783,,,???????????????????????????????????
,7830(?),,???????????????????????????????????
,,78300,????????????????????????????????????????????????????
791,,,?????????????????????????? ??????????????????????
,7911,,??????????????????????????(?)
,,79110,?????????????????????????? 
,7912,,????????????????????????? 
,,79120,?????????????????????????(?)
799,,,???????????????????????????? ????????????????????
,7990(3),,???????????????????????????? ????????????????????
,,79900,???????????????????????????? ????????????????????(?)
801,,,?????????????????????????
,8010(1),,?????????????????????????
,,80100,?????????????????????????(?)
802,,,??????????????????????????????????
,8020(3),,??????????????????????????????????
,,80200,??????????????????????????????????(?)
803,,,??????????????????
,8030,,??????????????????
,,80300,?????????????????? ??????????(?)
811,,,??????????????????????????????????
,8110(1),,??????????????????????????????????
,,81100,??????????????????????????????????(?)
812,,,??????????????
,8121(3),,???????????????????????
,,81210,???????????????????????
,8129(1),,??????????????????? ??????????????????????????????
,,81291,?????????? ?????????????????
,,81292,??????????????????????????????
,,81299,???????????????????????????????? ??????????????????????????? ?????????????
813,,,????????????? ??????????????????
,8130(2),,????????????? ??????????????????
,,81300,????????????? ??????????????????(?)
821,,,??????????????????????????? ??????????????????????????
,8211(1),,????????????????????????????????????
,,82110,????????????????????????????????????(?)
,8219(3),,???????????????????? ?????????????????? ??????????????????????????????????????????????
,,82191,????????????????????(?)
,,82199,?????????????????? ??????????????????????????????????????????????(?)
822,,,??????????????????????????????????
,8220,,??????????????????????????????????
,,82200,??????????????????????????????????(?)
823,,,????????????????????? ?????????????????????
,8230,,????????????????????? ?????????????????????
,,82300,????????????????????? ?????????????????????(?)
829,,,?????????????????????????????????? ?????????????????????????
,8291,,?????????????????????????????????? ????????????????????????
,,82910,?????????????????????????????????? ????????????????????????(?)
,8292(2),,????????????????
,,82920,????????????????? ????????????????????????????????????? ???????????????????????????????????????????????
,8299(3),,?????????????????????????????? ?????????????????????????
,,82990,?????????????????????????????? ?????????????????????????
841,,,???????????????? ????????????????????????????????????????
,8411(1),,????????????????????????????
,,84110,???????????????????????????? (???????)
,8412(2),,?????????????????????????????????????????????????????????? ????? ??????? ???????????????????????? ?????????????????????????
,,84120,?????????????????????????????????????????????????
,8413(1),,???????????? ?????????????????????????????????????????????????
,,84130,???????????? ?????????????????????????????????????????????????
842,,,????????????????????????????????
,8421(2),,?????????????
,,84210,?????????????
,8422(3),,?????????????????
,,84220,????????????????????????? ???????
,8423(1),,???????????????????????????? ?????????????
,,84231,??????????????
,,84232(2),???????
,,84239,???????????????????????????? ????????????????????????????????????(?)
843,,,???????????????????????????????
,8430(2),,???????????????????????????????
,,84300,???????????????????????????????
851,,,????????????????????????
,8510(1),,????????????????????????
,,85101,????????????(?)
,,85102,?????????
852,,,???????????
,8521(3),,????????????????????
,,85211,??????????????????
,,85212,????????????????????
,8522(4),,????????????????????????????? ????????????? ?????????????????
,,85220,????????????????????????????? ????????????? ?????????????????????????? ?????????????(?)
853,,,???????????
,8530(6),,???????????
,,85301,??????????????????????????????????????????????????????????????????? (????)
,,85302,???????????????????????????????????????????????????????????????????????????? ?????????????(????)(?)
,,85303,????????????????????????????? ??????????????????????????????????????? ????????
854,,,????????????????
,8541(1),,???????????? ?????????????
,,85410,???????????? ?????????????(?)
,8542,,???????????????
,,85420,??????????? ??????? ???????????????????????????(?)
,8549(4),,???????????????????????????????????
,,85491,???????????????????????????
,,85492,???????????????
,,85493,?????????????
,,85494,?????????????????????????
,,85495,????????????????????????????? ????????????? ????????????(?)
,,85499,???????????????????????????????????(?)
855,,,??????????????????
,8550(7),,??????????????????
,,85500,??????????????????
861,,,?????????????????????
,8610(1),,?????????????????????? ????????????????????
,,86101,???????????????????
,,86102,????????????????????? (??????? ??????????????????)
862,,,????????????????????????????????????? ??????????????
,8620(2),,????????????????????????????????????? ??????????????
,,86201,?????????? ?????????????????????????
,,86202,??????????????????????????
,,86203,????????????????????????(?)
869,,,???????????????????????????
,8690(1),,???????????????????????????
,,86901,?????????????(?)
,,86902,?????????????????????????????????????????
,,86903,??????????????????????????????????????????? (??????????????????) ?????????????????????????????????????????????????????????????????
,,86904,????????????????????????????????????
,,86905,????????????????????????????
,,86909,??????????????????????????? ???????????????????(?)
871,,,???????????????????????????????????
,8710(1),,???????????????????????????????????
,,87100,???????????????????????????????????
872,,,???????????????????????????????????????????????????? ?????? ?????????? ?????????????????????????????????????????????
,8720(2),,???????????????????????????????????????????????????? ???????????????? ????????????????????????????????????????????? 
,,87201,??????????????????????? 
,,87209,???????????????????????????????????????????????????????????????????????????????
873,,,???????????????????????????????????????????????? ??????????
,8730(3),,???????????????????????????????????????????????? ??????????
,,87300,???????????????????????????????????????????????? ??????????
879,,,??????????????????????????????????????
,8790(4),,??????????????????????????????????????? (??????????????????????????????????????????? ?????)
,,87901,????????????????????????? (?????????????????????????) 
,,87902,????????????????????????????????????????????? ????????????????????? ????????
881,,,??????????????????????????????????? ???????????????????????????????????
,8810(1),,??????????????????????????????????? ??????????????????????????????????? (????????????????????? ?????)
,,88100,??????????????????????????????????? ??????????????????????????? ???????? (????????????????????? ?????)
889,,,??????????????????????????????????????????? ?????????????????????????
,8890(2),,??????????????????????????????????????????? ?????????????????????????
,,88901,??????????????????
,,88902,???????????????????????????(?)
,,88909,??????????????????????????????????????????? ?????????????????????????(?)
900,,,???????????????????? ?????? ??????????? 
,9000(1),,???????????????????? ?????? ???????????
,,90001,??????????? ???????????????????????????? ????????????????????????????????????(?)
,,90002,????????????????????????????????? ????????????????????????????(?)
,,90003,?????????????????? ???????? ??????????????? ??????????????? ?????????????????????????(?)
,,90004,????????????????????????????? ?????????????????????????????? ??????????????????????(?)
,,90009,???????????????????? ?????? ?????????????? ???????????????????
910,,,???????????????? ?????????????? ????????? ????????????????????????
,9101(1),,???????????????? ??????????????
,,91010,???????????????? ??????????????
,9102(2),,????????????????? ????????????????????????????????????
,,91020,????????????????? ????????????????????????????????????
,9103(3),,???????????????????? ??????? ??????????????????
,,91030,???????????????????? ??????? ??????????????????
920,,,?????????????????? ??????????????
,9200(1),,?????????????????? ??????????????
,,92000,?????????????????? ??????????????
931,,,????????????
,9311(1),,?????????????????????? ?????????????????????????????????????
,,93111(2),?????????????????????? 
,,93112(3),??????????????????
,9312(4),,?????????????????????
,,93120,????????????????????? ?????????????????? ??????????????? ??????????????????
,9319(5),,????????????????????
,,93191,????????????????????????????????????????????????????? ????????????????????????????
,,93192,???????????????????? ????????????????????????
,,93199,???????????????????????????????????????(?)
932,,,???????????????? ?????????????????
,9321,,??????????????????? ???????????????????????:
,,93210,??????????????????? ????????????????????????(?)
,9329(3),,???????????????????????????????????????????????????? 
,,93291,????????????????? ??????????????(?)
,,93299,???????????????? ???????????????????? ???????????????????(?)
941,,,????????????????????? ???????????????????????????? ???????????????????????????
,9411(1),,????????????????????? ???????????????????????????????
,,94110,????????????????????? ???????????????????????????????
,9412(2),,?????????????????????????????????????????????????? 
,,94120,?????????????????????????????????????????????????? 
942,,,????????????????????????????
,9420(3),,????????????????????????????
,,94200,????????????????????????????
949,,,???????????????????????????????
,9491(4),,????????????????????????
,,94910,????????????????????????
,9492,,?????????????????????????
,,94920,?????????????????????????
,9499(5),,???????????????????????????????????????????????
,,94990,???????????????????????????????????????????????(?)
951,,,??????????????????? ???????????????????
,9511(1),,?????????????????????????????????????
,,95111,??????????????????? ???????????????????(?)
,9512,,?????????????????????????????????
,,95121,???????????????????????????
,,95129,??????????????????????????????????????????????????????????
952,,,???????????????????????????????????????????????
,9521,,???????????????????????????????????????????
,,95211,????????? ????????????????????????????????
,,95219,????????? ??????????????????????????????????????????????????
,9522(1),,??????????????????????????????????? ???????????????????????????????
,,95220,????????? ????????????????????????????????????????? ???????????????????????????????????(?)
,9523,,????????????????????????????????????
,,95230,"???????????????????????????????????? ????????????????? ???????? 
??????????? ??????????????????? ????????????????????????"
,9524,,?????????????????????????????????????? 
,,95240,??????????????????????????????????????(?)
,9529(1),,???????????????????????????????????????????????? ???????????????????
,,95291,????????????
,,95292,??????????????????????
,,95293,????????? ?????????????????????
,,95299,??????????????????????????????????????????????????????????????????????????(?)
960,,,???????????????????????????????????
,9601(1),,"????????????(??????), ???????????????????????? ???????????????? (559)"
,,96011,???????????????????????? ?????????????????????? 
,,96019,???????????????????????????????? ???????????????????
,9602(2),,???????????????????????????????????
,,96020,???????????????????????????????????
,9603(3),,??????????????? ??????????????????????????????????????? ???????????????????????? 
,,96030,?????????????????????(?????)????????????????????????
,9609(4),,???????????????? ?????????????????????????
,,96091,?????????????? ?????????????????
,,96092,??????????????????????????????????
,,96093,????????????? ?????????????????????????????????????? ???????????? ??????????????????? 
,,96094,??????????????????????????(?)
,,96099,???????????????? ?????????????????????????(?)
970,,,??????????????????????????????????????????????????
,9700(1),,??????????????????????????????????????????????????
,,97000,??????????????????????????????????????????????????(?)
981,,,??????????????????????????????????????? ???????????????????????????????????????????
,9810,,??????????????????????????????????????? ???????????????????????????????????????????
,,98100,??????????????????????????????????????? ???????????????????????????????????????????
982,,,???????????????????????????????????????????????? ???????????????????????????????????????????
,9820,,???????????????????????????????????????????????? ???????????????????????????????????????????
,,98200,???????????????????????????????????????????????? ???????????????????????????????????????????
990,,,??????????????????? ???????????????????
,9900,,??????????????????? ???????????????????
,,99000,??????????????????? ???????????????????(?)
